md_filename,ref_id
browne-2014-SS05.md,SS05
duckworth-2017-DS04.md,DS04
peters-1985-DS43.md,DS43
philipp-2003-DS16.md,DS16
shore-2018-DS25.md,DS25
babcock-2000-DS02.md,DS02
bessell-2017-SS04.md,SS04
fabricius-2003-DS37.md,DS37
humanes-2017-SS12.md,SS12
piniak-2007-DS17.md,DS17
piniak-2008-DS18.md,DS18
riegl-1995-DS20.md,DS20
rogers-1979-DS21.md,DS21
sofonia-2008-DS28.md,DS28
zill-2017-DS36.md,DS36
bessel-2017-DS03.md,DS03
browne-2015-SS06.md,SS06
jokiel-2014-SS15.md,SS15
junjie-2014-DS10.md,DS10
rogers-1982-DS45.md,DS45